level	pair_id	target_id	partner_id	Position	Before_AA	mutant_count	mean_delta_effect	mean_top10_delta_effect	mean_top20_delta_effect	max_delta_effect	max_delta_effect_mutation	max_delta_effect_after_aa	max_delta_effect_row_id	min_delta_effect	min_delta_effect_mutation	min_delta_effect_after_aa	min_delta_effect_row_id
directed_pair	hsTMC1__hsTMIE	hsTMC1	hsTMIE	ALL		5889	0.00068388754	0.34357923	0.30398086	0.44887702	K146I	I	itw_000007926	-0.3513209	T228M	M	itw_000008644
directed_pair	hsTMC1__hsTMC1	hsTMC1	hsTMC1	ALL		5889	0.0060988852	0.33097603	0.29392017	0.420742	K146I	I	itw_000001277	-0.33503691	D399H	H	itw_000003481
directed_pair	hsTMC1__hsLHFLP5	hsTMC1	hsLHFLP5	ALL		5889	-0.0024674584	0.30744085	0.27285031	0.39216618	K146I	I	itw_000027873	-0.35029737	F494C	C	itw_000030895
directed_pair	hsPCDH15__hsTMC1	hsPCDH15	hsTMC1	ALL		15644	-0.00068639278	0.32430143	0.29065731	0.3860133	S1950I	I	itw_000065659	-0.43208864	I567M	M	itw_000053160
directed_pair	hsCIB2__hsCIB2	hsCIB2	hsCIB2	ALL		1435	-0.0072248193	0.22272502	0.19471741	0.345742	S138L	L	itw_000044450	-0.23770873	E139V	V	itw_000044463
directed_pair	hsPCDH15__hsTMIE	hsPCDH15	hsTMIE	ALL		15644	-0.00013938235	0.29493515	0.27338539	0.34373928	I1614F	F	itw_000080182	-0.44212244	I567M	M	itw_000070759
directed_pair	hsPCDH15__hsLHFLP5	hsPCDH15	hsLHFLP5	ALL		15644	-0.0026676452	0.29140252	0.27103124	0.34365914	I1614N	N	itw_000132983	-0.4525744	P1592H	H	itw_000132797
directed_pair	hsCIB2__hsPCDH15	hsCIB2	hsPCDH15	ALL		1435	-0.0026847422	0.21076084	0.18310063	0.34289795	S138R	R	itw_000046075	-0.2468609	T131N	N	itw_000046002
directed_pair	hsTMC1__hsCIB2	hsTMC1	hsCIB2	ALL		5889	-0.00022103214	0.27498753	0.24380199	0.34154784	K146I	I	itw_000014575	-0.3255767	G585D	D	itw_000018390
directed_pair	hsTMC1__hsPCDH15	hsTMC1	hsPCDH15	ALL		5889	-0.00071539148	0.26428583	0.22945715	0.32221085	K488N	N	itw_000024197	-0.3047836	T228M	M	itw_000021942
directed_pair	hsCIB2__hsTMC1	hsCIB2	hsTMC1	ALL		1435	-0.0067786673	0.23165383	0.20362115	0.31937106	S138R	R	itw_000041209	-0.28322404	E105A	A	itw_000040919
directed_pair	hsPCDH15__hsCIB2	hsPCDH15	hsCIB2	ALL		15644	-0.0016994054	0.26238238	0.2441082	0.31804764	S1950I	I	itw_000100857	-0.39569169	S1866W	W	itw_000100114
directed_pair	hsLHFLP5__hsTMIE	hsLHFLP5	hsTMIE	ALL		1730	0.0042918712	0.25472961	0.23292572	0.31302065	L43R	R	itw_000138444	-0.2868157	E163G	G	itw_000139510
directed_pair	hsCIB2__hsLHFLP5	hsCIB2	hsLHFLP5	ALL		1435	-0.0081012789	0.24486431	0.21663156	0.3111542	S138R	R	itw_000047697	-0.30115786	E105A	A	itw_000047407
directed_pair	hsLHFLP5__hsPCDH15	hsLHFLP5	hsPCDH15	ALL		1730	0.0007088905	0.22573076	0.20333135	0.2896899	L43R	R	itw_000142342	-0.24717418	E163G	G	itw_000143408
directed_pair	hsCIB2__hsTMIE	hsCIB2	hsTMIE	ALL		1435	-0.0057532674	0.23177133	0.21142192	0.27042898	T119P	P	itw_000042658	-0.2646461	T131N	N	itw_000042758
directed_pair	hsTMIE__hsTMC1	hsTMIE	hsTMC1	ALL		1197	-0.0012307832	0.19318353	0.15552016	0.270125	A98D	D	itw_000034112	-0.18545066	G14V	V	itw_000033363
directed_pair	hsLHFLP5__hsCIB2	hsLHFLP5	hsCIB2	ALL		1730	0.00043628055	0.21795815	0.19897471	0.26126527	V38F	F	itw_000140346	-0.28455996	T165I	I	itw_000141472
directed_pair	hsTMIE__hsLHFLP5	hsTMIE	hsLHFLP5	ALL		1197	-0.0053531041	0.18643611	0.15442458	0.2557459	A98D	D	itw_000039524	-0.2230021	G14V	V	itw_000038775
directed_pair	hsLHFLP5__hsTMC1	hsLHFLP5	hsTMC1	ALL		1730	-0.0014717862	0.22051899	0.2030492	0.2519897	C114F	F	itw_000137133	-0.27317134	T165I	I	itw_000137574
directed_pair	hsLHFLP5__hsLHFLP5	hsLHFLP5	hsLHFLP5	ALL		1730	-0.0094628192	0.22025365	0.20592822	0.25083672	C114F	F	itw_000144929	-0.36100262	L207V	V	itw_000145763
directed_pair	hsPCDH15__hsPCDH15	hsPCDH15	hsPCDH15	ALL		15644	-0.0013721805	0.21318939	0.2007878	0.23595894	S1950F	F	itw_000118454	-0.4250083	I567M	M	itw_000105957
directed_pair	hsTMIE__hsTMIE	hsTMIE	hsTMIE	ALL		1197	0.0027606671	0.185529	0.16435232	0.23008913	A98D	D	itw_000035465	-0.2128395	V20M	M	itw_000034771
directed_pair	hsTMIE__hsPCDH15	hsTMIE	hsPCDH15	ALL		1197	-0.0024698585	0.1400831	0.10923829	0.19577674	A98D	D	itw_000038171	-0.18231775	S33L	L	itw_000037587
directed_pair	hsTMIE__hsCIB2	hsTMIE	hsCIB2	ALL		1197	-0.002009759	0.15260722	0.13481421	0.18815633	A98D	D	itw_000036818	-0.17368476	S33L	L	itw_000036234
